"","Trap","X","Y","Area0100","Area0250","Area0500","Area0750","Area1000","Area1500","Area2000","Area2500","Area3000"
"1","AI01A01",-59.825783,-1.494902,0.388888888888889,0.359090909090909,0.232690124858116,0.201417004048583,0.204719931760023,0.16896595367675,0.13644128113879,0.181267644112558,0.242715682242399
"2","AI01A02",-59.82583,-1.494748,0.285714285714286,0.330275229357798,0.219817767653759,0.193825910931174,0.19937250427838,0.167847204654693,0.136806890170119,0.182820185826198,0.24426659918388
"3","AI01A03",-59.825973,-1.49433,0.0555555555555556,0.222727272727273,0.180571428571429,0.175963488843813,0.183110605629798,0.163459103570524,0.136706518645033,0.186828201858262,0.24819643083154
"4","AI01A04",-59.826457,-1.4932,0,0.0226244343891403,0.120274914089347,0.129292929292929,0.137862421830586,0.147188881869867,0.138220640569395,0.197939929811768,0.25682939167826
"5","AI01A05",-59.827104,-1.490637,0,0,0.00113507377979569,0.0486322188449848,0.0691716481639624,0.117029352226721,0.164625462831102,0.218650396138785,0.278016696180116
"6","AI01A06",-59.828226,-1.486401,0,0,0,0,0.000284819139846198,0.0629901340753858,0.185978647686833,0.255192202586992,0.311228525326668
"7","AI01A07",-59.82964,-1.47755,0,0,0,0,0.0253705815279361,0.118397776093,0.227916577692362,0.331707539429301,0.405585779352227
"8","AI02A01",-59.677537,-1.761405,0.457142857142857,0.377272727272727,0.263097949886105,0.180668016194332,0.138865126889079,0.157774968394437,0.196340855698726,0.223816682611271,0.248442293702755
"9","AI02A02",-59.677384,-1.761406,0.351351351351351,0.351351351351351,0.264,0.181218274111675,0.138028969042886,0.155775075987842,0.193892803758275,0.222475184409434,0.246258029809183
"10","AI02A03",-59.677014,-1.761418,0.142857142857143,0.26605504587156,0.257403189066059,0.179746835443038,0.135728542914172,0.150246616921715,0.187798106357229,0.219681093394077,0.240597222661563
"11","AI02A04",-59.675806,-1.761235,0,0.0590909090909091,0.219069239500568,0.173670886075949,0.137154262902766,0.136208422916403,0.172052961275626,0.210682087241599,0.223761186478196
"12","AI02A05",-59.673089,-1.760645,0,0,0.00795454545454545,0.130258489609731,0.159213899174025,0.108508483160294,0.151886120996441,0.185988247619915,0.19248291571754
"13","AI03A01",-59.6650085,-1.871804042,0.305555555555556,0.211711711711712,0.198187995469989,0.224365482233503,0.206670467502851,0.189681335356601,0.25506792801764,0.303359008249396,0.378079246118332
"14","AI03A02",-59.66514311,-1.871685111,0.25,0.205479452054795,0.192525481313703,0.219574036511156,0.202279202279202,0.185719711355868,0.249964412811388,0.301033650562361,0.376372322586769
"15","AI03A03",-59.66547963,-1.871387784,0.0588235294117647,0.155963302752294,0.182954545454545,0.207193515704154,0.192088787706318,0.179688489299734,0.23834934187122,0.294808743169399,0.371520748987854
"16","AI03A04",-59.66628727,-1.8706742,0,0.0358744394618834,0.169336384439359,0.167256189994947,0.171078849985767,0.170524984187223,0.213115921389917,0.282583936950481,0.361336032388664
"17","AI03A05",-59.66830639,-1.868890239,0,0.0091324200913242,0.0364880273660205,0.102486047691527,0.115220483641536,0.145857052498419,0.173653120774322,0.260851742199954,0.336612989971211
"18","AI03A06",-59.67167158,-1.865916967,0,0,0.00797266514806378,0.0263424518743668,0.0526465566306204,0.111279716742539,0.173380782918149,0.242451842069311,0.296004555376293
"19","AI08A01",-59.775896,-1.708479,0.111111111111111,0.213636363636364,0.323059360730594,0.379310344827586,0.397271952259165,0.382434826626171,0.381209964412811,0.368787864984285,0.407915967981776
"20","AI08A02",-59.775888,-1.708578,0.0555555555555556,0.190909090909091,0.314772727272727,0.373983739837398,0.393671607753706,0.379271070615034,0.379074733096085,0.367970493146942,0.406832199905108
"21","AI08A03",-59.775964,-1.708978,0,0.127272727272727,0.288329519450801,0.354366481574962,0.378024480500996,0.364475347661188,0.368301188527507,0.362812101330417,0.402373042240152
"22","AI08A04",-59.776147,-1.710066,0,0.0136363636363636,0.216647662485747,0.303183425972713,0.332101222632926,0.327300341728895,0.33980927981782,0.351081758141653,0.391272704259224
"23","AI08A05",-59.776684,-1.712788,0,0,0.0833333333333333,0.151315789473684,0.217675475987496,0.247499683504241,0.286354900704677,0.324635701275046,0.367490271758043
"24","AI08A06",-59.777603,-1.71733,0,0.0723981900452489,0.045766590389016,0.0262361251261352,0.0426499857833381,0.143019726858877,0.214209439738022,0.26756264236902,0.333533634839812
"25","AI10A01",-59.45399722,-1.741025242,0.142857142857143,0.224215246636771,0.254545454545455,0.348024316109422,0.421367521367521,0.517088607594937,0.533456719817768,0.584578247403899,0.589163714574899
"26","AI10A02",-59.45417678,-1.741031225,0.0857142857142857,0.193548387096774,0.247727272727273,0.342105263157895,0.417616875712657,0.516329113924051,0.529888983774552,0.583113216139904,0.587066565426474
"27","AI10A03",-59.45462569,-1.741046182,0,0.116279069767442,0.236363636363636,0.325416877210712,0.407006550840216,0.514307419599899,0.52209807131165,0.579757675138927,0.582714019164479
"28","AI10A04",-59.45570307,-1.741082078,0,0,0.196145124716553,0.271991911021234,0.389410760034159,0.500569692366122,0.504908935685828,0.567419825072886,0.573416400493343
"29","AI12A01",-59.645265,-1.564775,0.514285714285714,0.422727272727273,0.390160183066362,0.400302877334679,0.4574679943101,0.542683697989124,0.544567848497793,0.536267541461637,0.526948380566802
"30","AI12A02",-59.645427,-1.564667,0.375,0.373831775700935,0.376993166287016,0.392532795156408,0.453173925419869,0.535831856166118,0.539955881306483,0.53217652684793,0.524229771620168
"31","AI12A03",-59.645833,-1.564421,0.142857142857143,0.271493212669683,0.339772727272727,0.372718052738337,0.439726417782844,0.521513540875728,0.526345770435773,0.523087431693989,0.517602403922189
"32","AI12A04",-59.64656351,-1.564399975,0,0.116822429906542,0.267653758542141,0.340070742799394,0.415099715099715,0.498163859693555,0.507755799060766,0.509861977861796,0.505423953951738
"33","AI12A05",-59.64913838,-1.563604785,0,0,0.0510783200908059,0.221884498480243,0.339692482915718,0.403417721518987,0.429832680669277,0.456259392504212,0.463312037447024
"34","AI12A06",-59.65342982,-1.562279466,0,0,0,0.0755195134313228,0.188282138794084,0.261106189089989,0.326311294569782,0.356186224489796,0.406384459630473
"35","AI13A02",-59.75278122,-1.636504533,0.2,0.190909090909091,0.354948805460751,0.459787556904401,0.506700883946393,0.520920237643787,0.549900341685649,0.574702692850959,0.587195141239364
"36","AI13A03",-59.75292183,-1.636930942,0,0.14027149321267,0.334467120181406,0.448275862068966,0.492592592592593,0.517411675319742,0.545169787143162,0.574824665270061,0.585015503385433
"37","AI13A04",-59.75325928,-1.637954322,0,0.0226244343891403,0.303306727480046,0.416413373860182,0.461428978081412,0.510807736063709,0.538012528473804,0.57214451683448,0.581184955556258
"38","AI13A05",-59.75410291,-1.64051277,0,0,0.180067950169875,0.380880121396055,0.421202621829581,0.487221659919028,0.531587933978372,0.566431336825325,0.573787605580336
"39","AI13A06",-59.75541845,-1.644844876,0,0.0639269406392694,0.172571428571429,0.330121703853955,0.339595787076573,0.429691451694487,0.504234574051669,0.536072144288577,0.56427532106029
"40","AI15A01",-59.82905394,-1.521547657,0,0,0.00454029511918275,0.0526582278481013,0.137489325362938,0.164029869636755,0.147647184452196,0.154171980324285,0.17926408706932
"41","AI15A02",-59.82910496,-1.52137545,0,0,0.00226500566251416,0.0444893832153691,0.130051223676722,0.159959503923057,0.146587917170711,0.155398633257403,0.180161943319838
"42","AI15A03",-59.82923249,-1.52094493,0,0,0,0.0272865083375442,0.108330963889679,0.149943059597621,0.144951255959582,0.158613780226786,0.181714611221874
"43","AI15A04",-59.82953857,-1.519911683,0,0,0,0.00862506341958397,0.0644337212602895,0.12370220308939,0.144687210874671,0.165809007696161,0.182868172900449
"44","AI15A05",-59.83030377,-1.517328563,0,0,0,0,0.00227855311876958,0.0694936708860759,0.133580176587867,0.18477370002732,0.18741302972802
"45","AI15A06",-59.83157911,-1.513023356,0,0,0,0,0,0.0246866691986327,0.12347875596043,0.184576139935316,0.205030053780449
"46","AI15A07",-59.83412978,-1.504412916,0,0,0,0,0.00568828213879408,0.0897354765219592,0.14620257669585,0.18216595318335,0.231769432756493
"47","AI18A01",-59.708055,-1.679683,0.285714285714286,0.346846846846847,0.545766590389016,0.542193026781203,0.576879271070615,0.642821031344793,0.573280159521436,0.588597210828548,0.560088551549652
"48","AI18A02",-59.707905,-1.679838,0.117647058823529,0.299539170506912,0.54246885617214,0.532388663967611,0.572038724373576,0.639817629179331,0.569548203486304,0.586833712984055,0.557780519439436
"49","AI18A03",-59.707569,-1.680116,0,0.25,0.543280182232346,0.52020202020202,0.566059225512529,0.63000506842372,0.561192543048243,0.581337098096366,0.552779710328253
"50","AI18A04",-59.70676,-1.68085,0,0.200913242009132,0.525056947608201,0.495194739504299,0.556601083547191,0.603742571753698,0.545914009111617,0.564060506652087,0.541262059149138
"51","AI18A05",-59.705065,-1.682911,0,0.140909090909091,0.372146118721461,0.45959595959596,0.530983513359864,0.531325148715353,0.538937927107061,0.524349687941324,0.515784146264313
"52","AI19A01",-59.445706,-1.791642,0.514285714285714,0.324324324324324,0.378995433789954,0.293164556962025,0.270531400966184,0.246582278481013,0.272753148793852,0.284439182112118,0.290084788661098
"53","AI19A02",-59.445625,-1.791695,0.457142857142857,0.288990825688073,0.369318181818182,0.29128672745694,0.269307495012824,0.245887117185523,0.271718249733191,0.284289617486339,0.289175681660024
"54","AI19A03",-59.445209,-1.792028,0.138888888888889,0.195454545454545,0.329931972789116,0.276962025316456,0.261450924608819,0.246296061795619,0.267369020501139,0.283580730352427,0.284046692607004
"55","AI19A04",-59.444362,-1.792454,0,0.0675675675675676,0.238312428734322,0.258996452103396,0.246306818181818,0.249968358435641,0.256652910203501,0.283365218183475,0.278966019110296
"56","AI19A05",-59.442155,-1.793954,0,0,0.0285388127853881,0.145316455696203,0.214387261870913,0.25,0.250053369387319,0.266511797394552,0.27358430876305
"57","AI19A06",-59.437751,-1.796222,0,0.141552511415525,0.148063781321184,0.174595141700405,0.179070430567437,0.24551201011378,0.245835113199487,0.253884357770994,0.26111023248458
"58","AI20A01",-59.692408,-1.775501,0.294117647058824,0.202764976958525,0.148863636363636,0.251518218623482,0.343696520250998,0.360390021527162,0.34982206405694,0.333409246185379,0.349057200708681
"59","AI20A02",-59.692217,-1.77552,0.243243243243243,0.191964285714286,0.148571428571429,0.251776649746193,0.341505131128848,0.357278601292284,0.348655187135335,0.331040451895044,0.347064034421665
"60","AI20A03",-59.691803,-1.775768,0.0625,0.172897196261682,0.159090909090909,0.251515151515152,0.335895246228295,0.355406432008103,0.345428673070082,0.325241391874658,0.343286414676578
"61","AI20A04",-59.690716,-1.776112,0,0.0590909090909091,0.163055872291904,0.254305977710233,0.315654405474765,0.349721941354904,0.332621386871707,0.316470695469875,0.335579173783767
"62","AI20A05",-59.688281,-1.776656,0,0,0.156214367160775,0.321699544764795,0.278426902251354,0.322168857431749,0.297095258436566,0.296804485572321,0.32268471659919
"63","AI23A01",-59.67971467,-1.828494915,0.457142857142857,0.388127853881279,0.246871444823663,0.277693474962064,0.33171843830151,0.314856998228297,0.319880418535127,0.372950819672131,0.390672952194134
"64","AI23A02",-59.67953751,-1.828465071,0.314285714285714,0.337899543378995,0.242009132420091,0.265822784810127,0.324871648602396,0.314451890251612,0.31717559968681,0.369715743440233,0.387189625177922
"65","AI23A03",-59.6790946,-1.828390461,0.0810810810810811,0.244343891402715,0.213879408418658,0.237709072478459,0.30747371412333,0.309261370834917,0.310813696874778,0.362435669718085,0.379000348200437
"66","AI23A04",-59.67803161,-1.828211397,0,0.0493273542600897,0.147428571428571,0.181034482758621,0.261945392491468,0.294393114795596,0.302519214346712,0.345796520630294,0.360374612415364
"67","AI23A05",-59.67537414,-1.827763738,0,0,0.0159090909090909,0.117587430309174,0.172079772079772,0.265915706872548,0.284606077859227,0.304718098187449,0.321651114977068
"68","AI23A06",-59.67094503,-1.827017638,0,0,0.041002277904328,0.121073961499493,0.16505406943654,0.215830067012265,0.244430208555769,0.248417505350881,0.268609028502736
"69","AI24A01",-59.51339684,-1.802807558,0.428571428571429,0.375565610859729,0.291762013729977,0.337033299697275,0.368421052631579,0.329666160849772,0.245907473309609,0.226899945325314,0.206485289465359
"70","AI24A02",-59.51344947,-1.802979253,0.294117647058824,0.331797235023041,0.272933182332956,0.324734446130501,0.357366771159875,0.324731182795699,0.243170176437109,0.224185834661808,0.204352777426294
"71","AI24A03",-59.51358106,-1.803408491,0.0571428571428571,0.234234234234234,0.225769669327252,0.285352255448556,0.330397727272727,0.311819792457606,0.235503379580221,0.21719724916883,0.200006327311842
"72","AI24A04",-59.51389686,-1.804438661,0,0.0452488687782805,0.14139110604333,0.203346855983773,0.264697529111048,0.278966696213752,0.218987972386307,0.201083986154126,0.190126582278481
"73","AI24A05",-59.51468638,-1.807014086,0,0,0,0.0578386605783866,0.119726339794755,0.202659911336289,0.191062406603572,0.166530017308919,0.164494083401886
"74","AI24A07",-59.51863394,-1.819891152,0,0,0,0,0,0,7.11490572749911e-05,0.0308813482122523,0.0586263597267898
"75","AI24A08",-59.52389736,-1.83706043,0,0,0,0,0,0,0,0,0
"76","AI27A01",-59.63180778,-1.829464513,0.34375,0.181395348837209,0.0443181818181818,0.0212121212121212,0.0199316628701595,0.0274544534412955,0.0454739538855679,0.0640459162756799,0.109212857504429
"77","AI27A02",-59.63170943,-1.829314237,0.243243243243243,0.177272727272727,0.0444697833523375,0.0212228398180899,0.0204778156996587,0.026459045448791,0.0442610118835836,0.0630864534936686,0.107742935797234
"78","AI27A03",-59.63146355,-1.828938549,0.0833333333333333,0.177272727272727,0.0442678774120318,0.0238215914850482,0.0216216216216216,0.0241833375538111,0.0412870159453303,0.0605674211029646,0.104896874604581
"79","AI27A04",-59.63087344,-1.828036895,0,0.0678733031674208,0.0443686006825939,0.0283831728332489,0.0250783699059561,0.019632678910703,0.0339477617251441,0.0550747084548105,0.0964057457444789
"80","AI27A05",-59.62939817,-1.82578276,0,0,0.00798175598631699,0.0364556962025316,0.0310541310541311,0.0153048317733367,0.0209163346613546,0.0426637494872146,0.0756166982922201
"81","AI27A06",-59.62693938,-1.822025861,0,0,0,0.0167342799188641,0.0222348916761688,0.0140310959423587,0.0140815020268829,0.0275283715418623,0.0499905141339404
"82","AI27A07",-59.62202179,-1.81451204,0,0,0,0,0,0.00606826801517067,0.00719065926242347,0.0208722599462243,0.0482243936375423
"83","AI27A08",-59.61218662,-1.799484304,0,0,0,0,0,0.0046823588964819,0.0147330960854093,0.0224550216351628,0.0295150422321344
"84","AI28A01",-59.73448,-1.748332,0.540540540540541,0.452488687782805,0.339021615472127,0.295189873417722,0.358704913376882,0.413404282275434,0.46060778592271,0.463314660472742,0.443128937288297
"85","AI28A02",-59.734443,-1.748507,0.428571428571429,0.411764705882353,0.328782707622298,0.287594936708861,0.352220956719818,0.411012658227848,0.460694958701225,0.464708561020036,0.444602587215738
"86","AI28A03",-59.734322,-1.748942,0.142857142857143,0.313636363636364,0.296127562642369,0.268822637695806,0.336088939566705,0.407182599898837,0.461658953364187,0.468816910391326,0.449006706314058
"87","AI28A04",-59.734184,-1.749997,0,0.1,0.228050171037628,0.268724696356275,0.301591813530415,0.395999493606786,0.461746494911394,0.478344036070501,0.460944667657946
"88","AI28A05",-59.733273,-1.752615,0,0.00909090909090909,0.0777142857142857,0.172570850202429,0.271949828962372,0.345633767218501,0.456829667591999,0.49845060153117,0.491333502024291
"89","AI28A06",-59.732246,-1.757016,0,0,0.0478905359179019,0.182463253928028,0.230747290359384,0.324778761061947,0.426446516262188,0.497630331753554,0.513902508461709
"90","AI30A01",-59.835636,-1.468865,0.228571428571429,0.0810810810810811,0.332574031890661,0.350734921439432,0.297466552803871,0.266396556090149,0.346383826879271,0.391381587937867,0.444145654718593
"91","AI30A02",-59.835472,-1.468827,0.15625,0.0740740740740741,0.308040770101925,0.343607882769075,0.293363714041584,0.264724509183027,0.346142897808141,0.391288500091124,0.443614968525607
"92","AI30A03",-59.835011,-1.468754,0,0.0596330275229358,0.245733788395904,0.316321374431531,0.28074179743224,0.259357612544259,0.343369634849455,0.392038985289429,0.442746884291769
"93","AI30A04",-59.833911,-1.468752,0,0.00909090909090909,0.108843537414966,0.237108190091001,0.243867655447804,0.256702073849267,0.340259000996158,0.393156551849827,0.438547662723765
"94","AI30A06",-59.826741,-1.468595,0,0,0,0.0886524822695035,0.179436058103105,0.334430379746835,0.395186556536599,0.438302522538931,0.459361163820367
"95","AI31A01",-59.41539241,-1.832363876,0,0,0.0147895335608646,0.0242792109256449,0.0285062713797035,0.0555414979757085,0.0672502134927413,0.0594907301963285,0.0627313277023821
"96","AI31A02",-59.41539817,-1.832185977,0,0,0.0193181818181818,0.0242424242424242,0.0284738041002278,0.0554500569692366,0.0671599317017644,0.0589896597275999,0.0624387157994623
"97","AI31A03",-59.415437,-1.832216,0,0,0.018161180476731,0.0242424242424242,0.0288159771754636,0.0553659461509291,0.0672125311498754,0.0589494783836727,0.0624742985480657
"98","AI31A04",-59.415308,-1.832922,0,0,0.00340909090909091,0.0243161094224924,0.0270655270655271,0.0563576494427558,0.0671222151042779,0.0609000637697003,0.0636843936853428
"99","AI31A05",-59.415136,-1.836506,0,0,0,0.00404448938321537,0.0196357427433125,0.0417668649538033,0.0581329158958304,0.0575424848512461,0.0699307334661733
"100","AI31A06",-59.415113,-1.840992,0,0,0,0,0.0225135366201197,0.0445513226173902,0.0395785876993166,0.0718221979323223,0.0703280711189851
"101","AI32A01",-59.35445,-1.841171,0.5,0.572727272727273,0.451759364358683,0.35746835443038,0.304125177809388,0.288554064320081,0.329441913439636,0.38452082859094,0.410839713978359
"102","AI32A02",-59.35441686,-1.841257358,0.432432432432432,0.552511415525114,0.445330296127563,0.35537607269056,0.304718590108016,0.290632911392405,0.330961360563581,0.385344081614064,0.411787048173704
"103","AI32A03",-59.354349,-1.84178,0.0555555555555556,0.445454545454545,0.424173318129989,0.342091965639212,0.296159317211949,0.299051233396585,0.338837093445306,0.389906167441013,0.417687074829932
"104","AI32A04",-59.354151,-1.842966,0.0285714285714286,0.252252252252252,0.350797266514806,0.305471124620061,0.300056882821388,0.32253164556962,0.357864768683274,0.401038582426092,0.431224296108826
"105","AI32A05",-59.354112,-1.845776,0,0,0.173714285714286,0.253549695740365,0.320636725412166,0.402151898734177,0.407201821804725,0.418878921724876,0.448444964723004
"106","FI01A01",-59.82222,-1.505455,1,0.468181818181818,0.381818181818182,0.310344827586207,0.288603988603989,0.208422916403187,0.162121751512994,0.139695838266096,0.185392547605491
"107","FI01A02",-59.822357,-1.504967,1,0.583333333333333,0.428086070215176,0.339737108190091,0.303047564796354,0.205186590765338,0.16109292728049,0.138438411078717,0.185176984152089
"108","FI01A03",-59.822607,-1.504175,1,0.756880733944954,0.462414578587699,0.380253164556962,0.325448845825021,0.199342271692386,0.159014876503666,0.137527332361516,0.184967258232894
"109","FI01A04",-59.822475,-1.503378,1,0.824324324324324,0.527936145952109,0.427774961986822,0.344416027280477,0.201493481837742,0.158542659930264,0.139434245888945,0.186940428359012
"110","FI02A01",-59.678208,-1.761555,0.885714285714286,0.540540540540541,0.259977194982896,0.183291139240506,0.14208581983518,0.168459688647007,0.206972607612949,0.228835557174735,0.258035940268287
"111","FI02A02",-59.678547,-1.761921,1,0.608108108108108,0.250572082379863,0.185128983308043,0.140335895246228,0.172226434167298,0.209885335802293,0.231722880583409,0.261913043478261
"112","FI02A03",-59.678788,-1.762413,1,0.624434389140271,0.242562929061785,0.182139253279516,0.136842105263158,0.175600505689001,0.211417995444191,0.233611225001139,0.263141248655829
"113","FI02A04",-59.67907,-1.76289,1,0.579908675799087,0.243458475540387,0.173670886075949,0.136428367986329,0.182002278192634,0.214519572953737,0.236612021857923,0.265597317134903
"114","FI03A01",-59.664356,-1.872133,0.771428571428571,0.309417040358744,0.233751425313569,0.236188545362392,0.217576791808874,0.202405063291139,0.270366417644966,0.311122244488978,0.382953143291043
"115","FI03A02",-59.663586,-1.872758,0.942857142857143,0.420091324200913,0.273863636363636,0.259634888438134,0.233836513813728,0.224683544303797,0.292556219755195,0.32571272429183,0.391201214498071
"116","FI03A03",-59.663108,-1.873395,0.861111111111111,0.493212669683258,0.280681818181818,0.282674772036474,0.249501566505269,0.245163737514224,0.312464428002277,0.342555033954697,0.400411132194813
"117","FI03A04",-59.662323,-1.874075,0.84375,0.560185185185185,0.301369863013699,0.307769929364278,0.257264957264957,0.27318803852002,0.335657866647691,0.366191408919054,0.410285605844957
"118","FI08A01",-59.781672,-1.695998,1,0.854545454545454,0.772468714448237,0.79493670886076,0.763112884834664,0.682633973710819,0.588113879003559,0.583568759682858,0.588618606269573
"119","FI08A02",-59.782526,-1.696654,1,0.995391705069124,0.770715096481271,0.795247724974722,0.779361459521095,0.662828947368421,0.57542336701295,0.572808016397176,0.57895735796533
"120","FI08A03",-59.783498,-1.697219,1,0.995391705069124,0.796359499431172,0.789660415610745,0.787464387464388,0.638699063528221,0.568358123976941,0.566074681238616,0.572187776793623
"121","FI08A04",-59.784534,-1.69796,1,0.986363636363636,0.85290763968073,0.796042617960426,0.757248436611711,0.617721518987342,0.559715302491103,0.555995809992258,0.564503369933234
"122","FI10A01",-59.450575,-1.741782,1,0.813636363636363,0.49032992036405,0.467611336032389,0.539338654503991,0.551636961193275,0.584240871236387,0.601722331070306,0.62162333143544
"123","FI10A02",-59.449493,-1.741227,1,0.968325791855204,0.60250569476082,0.521255060728745,0.565118267312625,0.574045994440233,0.594746583143508,0.614785105510232,0.627687832026309
"124","FI10A03",-59.448608,-1.740694,1,0.968325791855204,0.696693272519954,0.574974670719351,0.587382779198636,0.590909090909091,0.597907324364723,0.62513093774195,0.627760551793963
"125","FI10A04",-59.447335,-1.739959,1,0.995348837209302,0.789772727272727,0.66751012145749,0.611396011396011,0.610534312484173,0.601380684648779,0.639850583090379,0.631722130836391
"126","FI12A01",-59.634269,-1.597496,1,0.844748858447489,0.915813424345848,0.863152559553979,0.82650739476678,0.770194986072423,0.75510639812113,0.719983608796612,0.660139815898523
"127","FI12A02",-59.633362,-1.596468,1,0.986111111111111,0.941913439635535,0.906976744186047,0.861577898034748,0.801621484671903,0.788447858870394,0.736051013436575,0.677208184434395
"128","FI12A03",-59.632319,-1.595481,1,1,0.973744292237443,0.940222897669706,0.889364128885087,0.838746366738279,0.817741705823722,0.750695045804658,0.697254380970456
"129","FI12A04",-59.631423,-1.59458,1,1,0.996598639455782,0.948860759493671,0.919442072302875,0.86745157614888,0.837626298562687,0.76573745103398,0.71384741902834
"130","FI12A05",-59.630246,-1.559965,1,0.769230769230769,0.603644646924829,0.664982314300152,0.73992049971607,0.791360526982518,0.796654804270463,0.754303670643957,0.73760167104472
"131","FI12A06",-59.630486,-1.561281,1,1,0.707289293849658,0.699949315762798,0.745883021010789,0.792985565966067,0.795985193621868,0.757571617251901,0.738141198063352
"132","FI12A07",-59.630884,-1.562322,1,1,0.850967007963595,0.728145528044467,0.757489300998573,0.795422935895815,0.793493735763098,0.75865367097832,0.737076874406833
"133","FI12A08",-59.631838,-1.563214,1,1,0.970387243735763,0.759231158320688,0.776483953422323,0.80184856925804,0.77681303821792,0.750740082889284,0.729908524040136
"134","FI13A01",-59.75063758,-1.631094351,1,0.903225806451613,0.738391845979615,0.568974229408792,0.555966960979778,0.566603415559772,0.579591546289049,0.582820968256137,0.604675439706441
"135","FI13A02",-59.75135766,-1.630233087,1,1,0.77891156462585,0.640830800405269,0.572445203529747,0.577161666033675,0.584987548914977,0.58792985652471,0.604902736043017
"136","FI13A03",-59.75207774,-1.629371823,1,0.995515695067265,0.776,0.711314053779807,0.596641047537717,0.58725937183384,0.586908573461402,0.595872625392921,0.606973359488705
"137","FI13A04",-59.75279782,-1.628510558,1,0.945454545454545,0.802961275626424,0.756196256954982,0.635327635327635,0.595677451971689,0.586489179954442,0.606162822499772,0.612297181895816
"138","FI15A01",-59.828985,-1.522236,0,0,0.0205714285714286,0.0887874175545409,0.167187056485949,0.178594046865104,0.153139683895771,0.150685555504942,0.174450984114929
"139","FI15A02",-59.829071,-1.522841,0,0,0.0342857142857143,0.124810510358767,0.189243027888446,0.189079878665319,0.157280170879316,0.14737513671163,0.168890715911966
"140","FI18A01",-59.724237,-1.67609,1,0.763888888888889,0.622727272727273,0.625822784810127,0.668947818648417,0.746676794530953,0.770051953597609,0.767366646927527,0.741822208161974
"141","FI18A02",-59.723707,-1.675026,1,0.990783410138249,0.742921857304643,0.657056145675265,0.670846394984326,0.743200506008855,0.755478087649402,0.758688225916648,0.735606731620903
"142","FI18A03",-59.721981,-1.674849,1,0.981900452488688,0.802047781569966,0.671392405063291,0.698778061949417,0.747464503042596,0.754199886104784,0.739867018854176,0.722060406509213
"143","FI18A04",-59.720327,-1.675084,0.972222222222222,0.922374429223744,0.818700114025085,0.697827185447196,0.702018765993745,0.747058079210426,0.749573014517506,0.724013847134918,0.708776259174893
"144","FI19A01",-59.44836,-1.788909,1,0.782805429864253,0.387243735763098,0.379118094272681,0.33825617722238,0.278748733535968,0.310315369829857,0.313721025547611,0.330390481615088
"145","FI19A02",-59.44574,-1.791575,0.542857142857143,0.32579185520362,0.382588774341352,0.29726996966633,0.271562766865927,0.247470915528579,0.273866305972806,0.284796573875803,0.290754334894317
"146","FI20A01",-59.692755,-1.775363,0.378378378378378,0.221719457013575,0.14123006833713,0.251648909183156,0.34640522875817,0.363912823112012,0.351915135981774,0.338601685265315,0.35297841362284
"147","FI20A02",-59.692577,-1.775107,0.527777777777778,0.203619909502262,0.127708095781072,0.24,0.341407808492448,0.359110437199899,0.352911861028051,0.33928815567607,0.352552343601746
"148","FI20A03",-59.692575,-1.774968,0.636363636363636,0.202764976958525,0.123147092360319,0.23582995951417,0.339127956682816,0.357857414207927,0.353497971674614,0.340454607570719,0.353296633763604
"149","FI20A04",-59.692339,-1.774124,0.78125,0.162037037037037,0.100227790432802,0.212121212121212,0.321093082835184,0.347187024835276,0.35723941657773,0.34584377135049,0.356745303902346
"150","FI23A01",-59.684056,-1.834422,1,0.73394495412844,0.523809523809524,0.50379746835443,0.466096866096866,0.475955454315363,0.496976165065813,0.480870832574239,0.424124513618677
"151","FI23A02",-59.683525,-1.834469,1,0.719626168224299,0.469852104664391,0.482079757698132,0.441628701594533,0.469411019632679,0.484988616960728,0.474676625979231,0.416255534471853
"152","FI23A03",-59.682778,-1.834339,1,0.709090909090909,0.412571428571429,0.46056622851365,0.415099715099715,0.453741152679474,0.466505303623549,0.465019825896723,0.407298485279701
"153","FI23A04",-59.682154,-1.834373,0.833333333333333,0.565610859728507,0.362599771949829,0.436676798378926,0.396296296296296,0.445778564206269,0.453937063932792,0.455543909219341,0.400689480675565
"154","FI24A01",-59.525672,-1.734606,1,0.981900452488688,0.941847206385405,0.857431749241658,0.725490196078431,0.689620253164557,0.713573919851947,0.719914366402478,0.72524204265013
"155","FI24A02",-59.526775,-1.733815,1,1,0.929061784897025,0.823737373737374,0.696469248291572,0.67370417193426,0.7106555626735,0.717820203216841,0.72549826004429
"156","FI24A03",-59.527763,-1.733297,1,0.995454545454545,0.937286202964652,0.773623041940374,0.678622260176487,0.661565701277349,0.707209451284606,0.716634781816526,0.72432996867386
"157","FI24A04",-59.528764,-1.732736,1,0.995475113122172,0.948630136986301,0.706983805668016,0.658119658119658,0.653345137220185,0.702831531018782,0.715848488992206,0.718794472028083
"158","FI24A05",-59.514295,-1.799445,1,0.669767441860465,0.601136363636364,0.554320363820111,0.521070615034169,0.390021527162213,0.317133912053508,0.27501708039171,0.246639891211537
"159","FI24A06",-59.513813,-1.798017,0.945945945945946,0.818181818181818,0.759681093394077,0.676455696202532,0.594194649971542,0.431933198380567,0.348921631432842,0.296228821278921,0.2619491981147
"160","FI24A07",-59.513395,-1.797005,1,0.908256880733945,0.826136363636364,0.757852077001013,0.624928856004553,0.46106116246676,0.372225384177575,0.312841530054645,0.275398532388664
"161","FI24A08",-59.512983,-1.795848,1,1,0.875570776255708,0.817029903699949,0.654524758110415,0.493803743045018,0.397651245551601,0.334062129907989,0.291765524659138
"162","FI27A01",-59.632486,-1.830358,0.378378378378378,0.176470588235294,0.0443686006825939,0.0197268588770865,0.0164819551008809,0.0332107998478895,0.0533693873194336,0.0714545951361691,0.116622875051442
"163","FI27A02",-59.6320378,-1.829746121,0.5,0.179723502304147,0.0444191343963554,0.0197368421052632,0.0185185185185185,0.0292405063291139,0.0478969468365241,0.0664085629697108,0.111684120606195
"164","FI27A03",-59.632444,-1.829865,0.666666666666667,0.177272727272727,0.0444191343963554,0.0197069226882264,0.0167708925525867,0.0311352993291988,0.0495338410077575,0.0671281537480645,0.112710363153233
"165","FI27A04",-59.632895,-1.8295,0.885714285714286,0.178082191780822,0.0444191343963554,0.0197268588770865,0.0165383518676932,0.0310998735777497,0.047063011747953,0.0631094504693338,0.109789656808477
"166","FI28A01",-59.755495,-1.769888,1,0.891402714932127,0.808437856328392,0.731041456016178,0.672825469016487,0.644140723867375,0.591915166180343,0.523206558870417,0.478214093598709
"167","FI28A02",-59.755121,-1.76886,1,1,0.854545454545455,0.75782038345106,0.684720638540479,0.65178910102415,0.590604982206406,0.520843774203836,0.476121196786641
"168","FI28A03",-59.754635,-1.767824,1,1,0.9125,0.781707933299646,0.714937286202965,0.658388241256969,0.593509820666097,0.518359908883827,0.47625826452817
"169","FI28A04",-59.754229,-1.766806,1,1,0.984072810011377,0.796859169199595,0.742678419107194,0.658267915928083,0.594363791631085,0.515250842210689,0.473757474137113
"170","FI28A05",-59.735348,-1.747562,1,0.728506787330317,0.405034324942792,0.38313982836951,0.420034149117814,0.437334007841153,0.459199658217032,0.453414734156454,0.435145649492362
"171","FI28A06",-59.736708,-1.747921,0.8,0.755760368663595,0.490909090909091,0.441860465116279,0.456825306355087,0.454269065112744,0.463569090650349,0.455013439023279,0.434496504160208
"172","FI28A07",-59.73764,-1.747734,0.833333333333333,0.840182648401826,0.586560364464692,0.496702181633688,0.4950213371266,0.474003795066414,0.465195729537367,0.44869517693674,0.433276385725133
"173","FI28A08",-59.738974,-1.747916,1,0.902777777777778,0.666666666666667,0.536634663971703,0.544004557106238,0.503925044315016,0.472916221795146,0.442359371441585,0.433448286771918
"174","FI30A01",-59.83621,-1.468654,0.297297297297297,0.16289592760181,0.40478905359179,0.385902636916836,0.3220675944334,0.279979739141446,0.352765321375187,0.393779315997996,0.445193342193532
"175","FI30A02",-59.836147,-1.469166,0.297297297297297,0.0945945945945946,0.408209806157355,0.372658227848101,0.305176336746303,0.272037435184014,0.345576197594135,0.390025051241175,0.443474410071487
"176","FI31A01",-59.415405,-1.83208,0,0,0.0216647662485747,0.0242669362992922,0.0279441117764471,0.0557663125948407,0.0671413314346743,0.0588610478359909,0.0623457961662555
"177","FI32A01",-59.354991,-1.839976,1,0.763636363636364,0.533029612756264,0.378419452887538,0.303927148548662,0.278993297078538,0.316370106761566,0.370781911744615,0.393091012622188
"178","FI32A02",-59.35547744,-1.839058181,1,0.778280542986425,0.542857142857143,0.397969543147208,0.296506674240273,0.268836266936811,0.308278169264716,0.35758210722908,0.37758298788013
"179","MI01A00",-59.825788,-1.495046,0.457142857142857,0.381165919282511,0.247139588100687,0.206268958543984,0.207171314741036,0.169577322196912,0.135696995585932,0.17989249271137,0.241356404011008
"180","MI02A00",-59.67764,-1.761438,0.527777777777778,0.403587443946188,0.264840182648402,0.181541582150101,0.138952164009112,0.159341355288157,0.19789368818046,0.224363354744659,0.249968362439889
"181","MI03A00",-59.66494119,-1.871863507,0.361111111111111,0.218181818181818,0.201365187713311,0.225822784810127,0.208309618668184,0.191446286220423,0.25754555808656,0.305110220440882,0.378981999936731
"182","MI08A00",-59.775923,-1.708292,0.166666666666667,0.247706422018349,0.334467120181406,0.391260162601626,0.404558404558405,0.388488298545225,0.386132270235638,0.370942038883577,0.410190720182181
"183","MI10A00",-59.45390744,-1.741022251,0.2,0.238532110091743,0.255681818181818,0.352554375316136,0.424259681093394,0.517023161625111,0.534092526690392,0.584988158134451,0.59009807023094
"184","MI12A00",-59.645168,-1.564791,0.611111111111111,0.443438914027149,0.400684931506849,0.405569620253165,0.460683760683761,0.545213102314405,0.547336225905114,0.537967183226983,0.528716002530044
"185","MI12A01",-59.633922,-1.598456,0.611111111111111,0.840909090909091,0.911464245175936,0.89091831557585,0.848674836135651,0.767041861641583,0.742672168468981,0.711915397939648,0.654352226720648
"186","MI13A00",-59.75269686,-1.636248688,0.342857142857143,0.2152466367713,0.364155251141553,0.46912955465587,0.513798008534851,0.522327640733713,0.552367390530438,0.574708454810496,0.588505092680458
"187","MI15A00",-59.829039,-1.521895,0,0,0.0124858115777526,0.070379746835443,0.152750071245369,0.17170694672909,0.149875400498398,0.152367941712204,0.177276033266926
"188","MI18A00",-59.708119,-1.679593,0.34375,0.356481481481482,0.544419134396355,0.543708943911066,0.579846285226302,0.644160121611351,0.574670935610103,0.589188943030193,0.560752688172043
"189","MI19A00",-59.445799,-1.791628,0.542857142857143,0.340909090909091,0.387243735763098,0.294534412955466,0.271742229826062,0.246490451498672,0.272351936218679,0.284262802988883,0.290359311740891
"190","MI20A00",-59.692532,-1.775463,0.305555555555556,0.209090909090909,0.146424517593644,0.252407501267106,0.345496009122007,0.361451878082712,0.350487579187131,0.334911889258231,0.349946239959522
"191","MI23A00",-59.67980325,-1.828509837,0.5,0.410138248847926,0.256526674233825,0.283906882591093,0.334759053321928,0.315482972528168,0.32102454642476,0.374646989159151,0.392154381524834
"192","MI24A01",-59.51337052,-1.80272171,0.485714285714286,0.387387387387387,0.300683371298405,0.344652812975165,0.372727272727273,0.331814730447988,0.247581104154809,0.228162856362146,0.207359129306799
"193","MI24A02",-59.525386,-1.735873,0.914285714285714,0.95,0.938706015891033,0.81288032454361,0.757195782274152,0.69506329113924,0.709730229909602,0.721291321373281,0.723962288028347
"194","MI27A00",-59.63185696,-1.829539651,0.361111111111111,0.175675675675676,0.0446224256292906,0.0212443095599393,0.0196357427433125,0.0278058645096057,0.0458689458689459,0.0648646184702343,0.109807765271279
"195","MI28A01",-59.755748,-1.770966,0.777777777777778,0.773755656108597,0.763698630136986,0.688888888888889,0.665718349928876,0.63287775246773,0.592410650719066,0.525371230755215,0.481415873216715
"196","MI28A02",-59.734591,-1.748158,0.705882352941176,0.506912442396313,0.349943374858437,0.31041456016178,0.368271147821134,0.416445287792536,0.460575007116425,0.461153110483651,0.441632394811768
"197","MI30A00",-59.835752,-1.468896,0.257142857142857,0.0871559633027523,0.348173515981735,0.357830714647745,0.300456100342075,0.268218623481781,0.347402135231317,0.391181561446661,0.444177291277801
"198","MI31A00",-59.415401,-1.832097,0,0,0.0215664018161181,0.0242546740778171,0.0282373074729036,0.0553869499241275,0.0671126610205679,0.0588020951947165,0.0622943558592761
"199","MI32A00",-59.354534,-1.841073,0.529411764705882,0.578703703703704,0.459183673469388,0.357900050479556,0.305959509552324,0.288189175518462,0.328327402135231,0.38274416909621,0.408730033212083
"200","TF01A01",-59.717669,-1.834439,1,1,1,0.974657881398885,0.960694958701225,0.957974683544304,0.936271717459413,0.900774134790528,0.871619698263592
"201","TF01A02",-59.718344,-1.835362,1,1,1,0.990899898887765,0.973789173789174,0.960809102402023,0.941984624145786,0.910259331844492,0.881819044305999
"202","TF01A03",-59.718975,-1.83618,1,1,1,0.999493927125506,0.984375,0.965438663121914,0.948971603444595,0.917471306248861,0.892134831460674
"203","TF01A04",-59.719647,-1.837094,1,1,1,1,0.993733978923384,0.973520841251742,0.954328804154514,0.924709633340925,0.901926057117556
"204","TF01A05",-59.720268,-1.838026,1,1,1,1,0.999715666761444,0.978758376533064,0.958354096960205,0.932476763258611,0.910787135131716
"205","TF01A06",-59.721061,-1.838874,1,1,1,1,1,0.985721506191559,0.962105563074293,0.939479560679944,0.920158102766798
"206","TF01A07",-59.721844,-1.839678,1,1,1,1,1,0.991911021233569,0.96640808483382,0.946252735229759,0.927518816014167
"207","TF01A08",-59.722406,-1.840724,1,1,1,1,1,0.996714267660811,0.972374510501958,0.953008204193254,0.934172252434552
"208","TF01A09",-59.720366,-1.824477,1,0.963470319634703,0.903409090909091,0.838153221714866,0.822658696270994,0.874556962025317,0.865399672574561,0.840003642489642,0.809690989024892
"209","TF01A10",-59.721042,-1.825656,1,1,0.95418098510882,0.883720930232558,0.863157894736842,0.88655886811521,0.881440364360945,0.855033495875678,0.823027314112291
"210","TF01A11",-59.721833,-1.826942,1,1,0.992027334851936,0.938765182186235,0.897121687090339,0.895156190717086,0.894924183099594,0.87481778425656,0.842664642247106
"211","TF01A12",-59.722395,-1.828094,1,1,1,0.974229408792319,0.920580700256191,0.905953735305271,0.908132744623273,0.88806854434418,0.858064312138363
"212","TF01A13",-59.723206,-1.829867,1,1,1,0.996462860030318,0.965527065527065,0.935814660083555,0.924839857651246,0.905783242258652,0.873714846097877
"213","TF01A14",-59.723931,-1.830807,1,1,1,0.999494438827098,0.985461801596351,0.94881193124368,0.930727609283782,0.913495282803883,0.88592939390105
"214","TF01A15",-59.724935,-1.831748,1,1,1,1,0.998007401081696,0.958333333333333,0.937767017943606,0.921521293554999,0.899123778192516
"215","TF01A16",-59.725865,-1.832775,1,1,1,1,1,0.972887368554415,0.94934547524189,0.933038764633535,0.909904496869268
"216","TF02A01",-59.274803,-1.790071,1,1,1,1,1,0.998227848101266,0.988043555618817,0.981510997768569,0.967704181691656
"217","TF02A02",-59.274772,-1.789763,1,1,1,1,1,0.998228969006958,0.988041853512706,0.981650122939623,0.96695338688255
"218","TF02A03",-59.2748,-1.789393,1,1,1,1,1,0.997974683544304,0.987897771766213,0.981463770096097,0.965662383695171
"219","TF02A04",-59.274882,-1.787847,1,1,1,1,1,0.996961640714014,0.987473309608541,0.980604625751229,0.960236619005441
"220","TF02A05",-59.274887,-1.785648,1,1,1,1,1,0.997724687144482,0.987470634299139,0.978270772594752,0.953851020085402
"221","TF02A06",-59.261957,-1.780661,1,1,1,1,1,1,1,1,0.999651997848714
"222","TF02A07",-59.264309,-1.780703,1,1,1,1,1,1,1,1,0.994716527461402
"223","TF02A08",-59.265275,-1.780861,1,1,1,1,1,1,1,1,0.994147236546553
"224","TF02A09",-59.266198,-1.780826,1,1,1,1,1,1,1,0.999908929465871,0.992754540277163
"225","TF02A10",-59.266559,-1.781319,1,1,1,1,1,1,1,0.999361837906828,0.992473832337223
"226","TF02A11",-59.266519,-1.78231,1,1,1,1,1,1,1,0.999043585189233,0.992882449702644
"227","TF02A12",-59.266427,-1.784786,1,1,1,1,1,1,1,0.998405830107037,0.99370253164557
"228","TF02A13",-59.266073,-1.788994,1,1,1,1,1,1,1,0.998770099758575,0.993990764754254
"229","TF02A14",-59.266141,-1.788885,1,1,1,1,1,1,1,0.998405684872227,0.993957608351787
"230","TF02A15",-59.267069,-1.789938,1,1,1,1,1,1,1,0.996491867511048,0.993169096486512
"231","TF02A16",-59.268033,-1.789969,1,1,1,1,1,1,1,0.994489228947488,0.991521938565689
"232","TF02A17",-59.27074,-1.790044,1,1,1,1,1,1,0.997507832526346,0.991484905058968,0.985422463951429
"233","TF03A01",-59.91694146,-1.430941732,1,0.963800904977376,0.807780320366133,0.820486815415822,0.875568181818182,0.883559043159094,0.900932317984485,0.911015984334442,0.907393931723985
"234","TF03A02",-59.91655813,-1.429886622,1,1,0.914772727272727,0.836951034830894,0.887653264898774,0.896233569261881,0.905338078291815,0.91536849776806,0.911057692307692
"235","TF03A03",-59.9161748,-1.428831511,1,1,0.981797497155859,0.879939209726444,0.895785876993166,0.907709836688188,0.90992594702364,0.918894303019263,0.91533303814283
"236","TF03A04",-59.91579148,-1.4277764,1,1,1,0.939838220424671,0.905698005698006,0.918799087914872,0.917870614191161,0.922775525080869,0.919300243586094
"237","TF03A05",-59.907585,-1.433055,1,1,0.97025171624714,0.931714719271624,0.883039271485487,0.831584271083576,0.826891593707737,0.849136556249146,0.873797772715768
"238","TF03A06",-59.907073,-1.432007,1,1,0.989714285714286,0.959575543203638,0.921105098262603,0.859833164812942,0.833653777682831,0.85200546946217,0.876019988614081
"239","TF03A07",-59.906521,-1.431013,1,1,1,0.980788675429727,0.954947248360422,0.883626693681145,0.842262540021345,0.854618327564219,0.877594279929132
"240","TF03A08",-59.90595,-1.429954,1,1,1,0.994436014162873,0.973234624145786,0.909470223795676,0.857315770736917,0.858606557377049,0.879277626668354
"241","TF03A09",-59.898424,-1.437053,1,1,0.849315068493151,0.865890688259109,0.82802728823195,0.752309834198203,0.746867881548975,0.785161231554017,0.831419442599095
"242","TF03A10",-59.898392,-1.435616,1,1,0.9625,0.899036022323694,0.88005698005698,0.797622059195548,0.765945330296128,0.791074681238616,0.835241649797571
"243","TF03A11",-59.897748,-1.434615,1,1,1,0.92451874366768,0.900256483328584,0.835988872028326,0.781067615658363,0.796629469369164,0.83642346389926
"244","TF03A12",-59.897372,-1.433353,1,1,1,0.980293077311774,0.924850555081127,0.876738305941846,0.806963827969239,0.805823915421072,0.838866755201417
